Item de configuração,total_chamados,violacoes_ola,taxa_violacao_pct
IC00840,102,32,31.37
IC00633,31,4,12.9
IC00928,86,7,8.14
IC01139,79,6,7.59
IC01157,34,2,5.88
IC00720,60,3,5.0
IC00704,24,1,4.17
IC00453,26,1,3.85
IC03550,27,1,3.7
IC01587,27,1,3.7
IC00298,28,1,3.57
IC00655,93,3,3.23
IC01442,65,2,3.08
IC01071,33,1,3.03
IC01775,67,2,2.99
IC05005,34,1,2.94
IC01012,298,8,2.68
IC01130,38,1,2.63
IC00251,433,11,2.54
IC00943,40,1,2.5
IC01742,127,3,2.36
IC01508,46,1,2.17
IC00622,92,2,2.17
IC01254,93,2,2.15
IC00680,151,3,1.99
IC00214,53,1,1.89
IC00936,56,1,1.79
IC00609,57,1,1.75
IC00387,58,1,1.72
IC00477,61,1,1.64
IC00833,62,1,1.61
IC00169,64,1,1.56
IC00374,64,1,1.56
IC00835,128,2,1.56
IC00671,67,1,1.49
IC00404,67,1,1.49
IC01097,74,1,1.35
IC02121,75,1,1.33
IC01285,796,10,1.26
IC01256,88,1,1.14
IC00128,103,1,0.97
IC01216,108,1,0.93
IC00737,463,4,0.86
IC00731,244,2,0.82
IC00173,125,1,0.8
IC00629,530,4,0.75
IC00349,3271,24,0.73
IC00290,144,1,0.69
IC00142,147,1,0.68
IC00604,1079,6,0.56
IC00733,376,2,0.53
IC00930,212,1,0.47
IC00389,212,1,0.47
IC00341,225,1,0.44
IC00677,246,1,0.41
IC00660,249,1,0.4
IC00725,988,1,0.1
IC00993,130,0,0.0
IC00995,138,0,0.0
IC01064,62,0,0.0
IC00939,29,0,0.0
IC00996,154,0,0.0
IC01027,65,0,0.0
IC00940,42,0,0.0
IC00998,27,0,0.0
IC01002,35,0,0.0
IC01024,22,0,0.0
IC00945,44,0,0.0
IC01016,24,0,0.0
IC00947,658,0,0.0
IC00968,70,0,0.0
IC01011,30,0,0.0
IC01015,34,0,0.0
IC00969,38,0,0.0
IC00992,150,0,0.0
IC00991,22,0,0.0
IC00982,43,0,0.0
IC00974,85,0,0.0
IC01021,61,0,0.0
IC01237,21,0,0.0
IC01240,24,0,0.0
IC01242,24,0,0.0
IC01243,21,0,0.0
IC01250,105,0,0.0
IC01257,30,0,0.0
IC01258,21,0,0.0
IC01266,24,0,0.0
IC01267,46,0,0.0
IC01152,35,0,0.0
IC01270,48,0,0.0
IC01274,99,0,0.0
IC01275,20,0,0.0
IC01283,23,0,0.0
IC01312,26,0,0.0
IC01313,72,0,0.0
IC01337,28,0,0.0
IC01338,22,0,0.0
IC01413,31,0,0.0
IC01268,32,0,0.0
IC01087,28,0,0.0
IC01100,44,0,0.0
IC01105,21,0,0.0
IC01114,22,0,0.0
IC01118,20,0,0.0
IC01122,26,0,0.0
IC01125,20,0,0.0
IC01127,21,0,0.0
IC01128,41,0,0.0
IC01221,55,0,0.0
IC01161,21,0,0.0
IC01162,49,0,0.0
IC01166,30,0,0.0
IC01190,54,0,0.0
IC01191,39,0,0.0
IC01192,40,0,0.0
IC01195,76,0,0.0
IC01209,29,0,0.0
IC01214,41,0,0.0
IC01217,23,0,0.0
IC01131,23,0,0.0
IC00670,64,0,0.0
IC00672,26,0,0.0
IC00675,56,0,0.0
IC00685,161,0,0.0
IC00686,23,0,0.0
IC00693,43,0,0.0
IC00706,44,0,0.0
IC00708,188,0,0.0
IC00709,80,0,0.0
IC00710,94,0,0.0
IC00882,20,0,0.0
IC00712,47,0,0.0
IC00713,28,0,0.0
IC00716,34,0,0.0
IC00718,43,0,0.0
IC00719,20,0,0.0
IC00722,38,0,0.0
IC00727,72,0,0.0
IC00728,36,0,0.0
IC00729,24,0,0.0
IC00734,59,0,0.0
IC00711,35,0,0.0
IC00635,37,0,0.0
IC00636,59,0,0.0
IC00638,28,0,0.0
IC00640,52,0,0.0
IC00642,26,0,0.0
IC00643,32,0,0.0
IC00644,83,0,0.0
IC00645,33,0,0.0
IC00646,29,0,0.0
IC00648,35,0,0.0
IC00668,20,0,0.0
IC00650,130,0,0.0
IC00652,28,0,0.0
IC00654,21,0,0.0
IC00657,35,0,0.0
IC00658,37,0,0.0
IC00659,21,0,0.0
IC00661,35,0,0.0
IC00662,45,0,0.0
IC00663,192,0,0.0
IC00665,36,0,0.0
IC00667,21,0,0.0
IC00649,74,0,0.0
IC00847,206,0,0.0
IC00848,198,0,0.0
IC00861,68,0,0.0
IC00863,37,0,0.0
IC00867,20,0,0.0
IC00868,85,0,0.0
IC00874,45,0,0.0
IC00875,26,0,0.0
IC00876,23,0,0.0
IC00878,23,0,0.0
IC00735,51,0,0.0
IC00880,29,0,0.0
IC00888,81,0,0.0
IC00890,23,0,0.0
IC00891,21,0,0.0
IC00895,23,0,0.0
IC00901,599,0,0.0
IC00912,32,0,0.0
IC00915,60,0,0.0
IC00917,70,0,0.0
IC00927,22,0,0.0
IC00879,20,0,0.0
IC00736,23,0,0.0
IC00739,50,0,0.0
IC00740,20,0,0.0
IC00754,138,0,0.0
IC00756,38,0,0.0
IC00757,25,0,0.0
IC00759,123,0,0.0
IC00760,40,0,0.0
IC00761,39,0,0.0
IC00762,48,0,0.0
IC00846,208,0,0.0
IC00765,53,0,0.0
IC00766,39,0,0.0
IC00769,54,0,0.0
IC00792,63,0,0.0
IC00818,20,0,0.0
IC00825,24,0,0.0
IC00826,231,0,0.0
IC00837,42,0,0.0
IC00841,37,0,0.0
IC00842,97,0,0.0
IC00845,210,0,0.0
IC00764,121,0,0.0
IC03786,35,0,0.0
IC03793,54,0,0.0
IC03822,55,0,0.0
IC03830,21,0,0.0
IC03831,44,0,0.0
IC03836,28,0,0.0
IC03850,22,0,0.0
IC03855,31,0,0.0
IC03887,33,0,0.0
IC04015,37,0,0.0
IC04105,30,0,0.0
IC01492,63,0,0.0
IC04157,24,0,0.0
IC04245,51,0,0.0
IC04545,21,0,0.0
IC04595,23,0,0.0
IC04620,28,0,0.0
IC04636,24,0,0.0
IC00012,401,0,0.0
IC04855,29,0,0.0
IC04856,33,0,0.0
IC04857,519,0,0.0
IC04860,857,0,0.0
IC04122,25,0,0.0
IC02822,21,0,0.0
IC02825,23,0,0.0
IC02826,23,0,0.0
IC02864,38,0,0.0
IC02913,25,0,0.0
IC02955,23,0,0.0
IC02968,27,0,0.0
IC02985,21,0,0.0
IC02989,152,0,0.0
IC02990,98,0,0.0
IC02991,102,0,0.0
IC03776,35,0,0.0
IC02996,80,0,0.0
IC03014,252,0,0.0
IC03076,51,0,0.0
IC03207,60,0,0.0
IC03295,59,0,0.0
IC03462,51,0,0.0
IC03556,20,0,0.0
IC03562,130,0,0.0
IC03628,20,0,0.0
IC03633,32,0,0.0
IC03644,54,0,0.0
IC03673,547,0,0.0
IC02995,37,0,0.0
IC00015,120,0,0.0
IC06480,66,0,0.0
IC06481,56,0,0.0
IC06585,23,0,0.0
IC06608,47,0,0.0
IC06612,32,0,0.0
IC06634,23,0,0.0
IC06733,77,0,0.0
IC06746,27,0,0.0
IC06883,23,0,0.0
IC06902,25,0,0.0
IC04883,24,0,0.0
IC07218,74,0,0.0
IC07348,22,0,0.0
IC07351,43,0,0.0
IC07464,35,0,0.0
IC07576,82,0,0.0
IC07636,23,0,0.0
IC07755,29,0,0.0
IC07866,20,0,0.0
IC08010,22,0,0.0
IC08046,33,0,0.0
IC08108,22,0,0.0
IC08267,32,0,0.0
IC07197,27,0,0.0
IC04893,46,0,0.0
IC05006,22,0,0.0
IC05007,28,0,0.0
IC05052,29,0,0.0
IC05131,21,0,0.0
IC05152,65,0,0.0
IC05197,33,0,0.0
IC05224,51,0,0.0
IC05225,21,0,0.0
IC05226,58,0,0.0
IC05229,40,0,0.0
IC06465,46,0,0.0
IC05795,21,0,0.0
IC05816,26,0,0.0
IC05890,22,0,0.0
IC05934,23,0,0.0
IC05935,23,0,0.0
IC00016,176,0,0.0
IC05938,24,0,0.0
IC05941,29,0,0.0
IC05989,27,0,0.0
IC05996,27,0,0.0
IC06454,54,0,0.0
IC06458,25,0,0.0
IC05593,30,0,0.0
IC01656,27,0,0.0
IC01660,29,0,0.0
IC01664,29,0,0.0
IC01669,33,0,0.0
IC01698,24,0,0.0
IC01701,28,0,0.0
IC01702,21,0,0.0
IC01704,41,0,0.0
IC01705,35,0,0.0
IC01706,21,0,0.0
IC01711,100,0,0.0
IC02820,80,0,0.0
IC01738,41,0,0.0
IC01740,38,0,0.0
IC01749,30,0,0.0
IC01765,26,0,0.0
IC01767,22,0,0.0
IC01780,29,0,0.0
IC01782,28,0,0.0
IC01787,77,0,0.0
IC01788,24,0,0.0
IC01791,37,0,0.0
IC01793,32,0,0.0
IC01722,25,0,0.0
IC01444,91,0,0.0
IC01446,202,0,0.0
IC01451,22,0,0.0
IC01458,22,0,0.0
IC01468,25,0,0.0
IC01490,30,0,0.0
IC01501,27,0,0.0
IC01506,47,0,0.0
IC01512,21,0,0.0
IC01513,30,0,0.0
IC01516,27,0,0.0
IC01652,41,0,0.0
IC01524,31,0,0.0
IC01527,46,0,0.0
IC01538,28,0,0.0
IC01559,28,0,0.0
IC01560,24,0,0.0
IC01576,36,0,0.0
IC01582,20,0,0.0
IC01593,25,0,0.0
IC01603,29,0,0.0
IC01620,142,0,0.0
IC01622,31,0,0.0
IC01642,44,0,0.0
IC01518,30,0,0.0
IC02002,25,0,0.0
IC02190,22,0,0.0
IC02227,24,0,0.0
IC02231,25,0,0.0
IC02283,72,0,0.0
IC02291,30,0,0.0
IC02357,30,0,0.0
IC02380,40,0,0.0
IC02383,22,0,0.0
IC02447,978,0,0.0
IC02448,978,0,0.0
IC01794,36,0,0.0
IC02558,20,0,0.0
IC02628,22,0,0.0
IC02632,20,0,0.0
IC02646,90,0,0.0
IC02667,35,0,0.0
IC02668,73,0,0.0
IC02723,31,0,0.0
IC02727,101,0,0.0
IC02741,40,0,0.0
IC02760,21,0,0.0
IC02761,968,0,0.0
IC02787,26,0,0.0
IC02549,47,0,0.0
IC01795,39,0,0.0
IC01806,26,0,0.0
IC01809,28,0,0.0
IC01814,43,0,0.0
IC01818,35,0,0.0
IC01840,35,0,0.0
IC01843,21,0,0.0
IC01846,24,0,0.0
IC01848,23,0,0.0
IC01852,41,0,0.0
IC01857,20,0,0.0
IC02001,109,0,0.0
IC01885,40,0,0.0
IC01889,23,0,0.0
IC01898,79,0,0.0
IC01901,36,0,0.0
IC01904,52,0,0.0
IC01906,25,0,0.0
IC01925,37,0,0.0
IC01942,31,0,0.0
IC01956,47,0,0.0
IC01964,657,0,0.0
IC01967,25,0,0.0
IC01984,346,0,0.0
IC01862,21,0,0.0
IC00141,152,0,0.0
IC00143,106,0,0.0
IC00144,34,0,0.0
IC00145,48,0,0.0
IC00146,87,0,0.0
IC00147,103,0,0.0
IC00148,210,0,0.0
IC00149,97,0,0.0
IC00150,50,0,0.0
IC00151,53,0,0.0
IC00152,71,0,0.0
IC00610,41,0,0.0
IC00154,101,0,0.0
IC00155,114,0,0.0
IC00156,67,0,0.0
IC00157,32,0,0.0
IC00158,59,0,0.0
IC00159,125,0,0.0
IC00160,129,0,0.0
IC00161,95,0,0.0
IC00162,139,0,0.0
IC00163,47,0,0.0
IC00165,118,0,0.0
IC00153,256,0,0.0
IC00115,100,0,0.0
IC00116,215,0,0.0
IC00117,176,0,0.0
IC00119,138,0,0.0
IC00120,63,0,0.0
IC00121,208,0,0.0
IC00122,172,0,0.0
IC00123,42,0,0.0
IC00124,111,0,0.0
IC00125,97,0,0.0
IC00126,98,0,0.0
IC00140,101,0,0.0
IC00129,246,0,0.0
IC00130,122,0,0.0
IC00131,76,0,0.0
IC00132,55,0,0.0
IC00133,101,0,0.0
IC00134,232,0,0.0
IC00135,32,0,0.0
IC00136,73,0,0.0
IC00137,57,0,0.0
IC00138,227,0,0.0
IC00139,70,0,0.0
IC00127,69,0,0.0
IC00203,119,0,0.0
IC00206,220,0,0.0
IC00208,191,0,0.0
IC00209,145,0,0.0
IC00210,196,0,0.0
IC00211,63,0,0.0
IC00212,287,0,0.0
IC00213,27,0,0.0
IC00215,135,0,0.0
IC00216,80,0,0.0
IC00217,20,0,0.0
IC00167,103,0,0.0
IC00220,170,0,0.0
IC00221,70,0,0.0
IC00223,80,0,0.0
IC00224,201,0,0.0
IC00225,230,0,0.0
IC00226,26,0,0.0
IC00227,64,0,0.0
IC00229,68,0,0.0
IC00231,103,0,0.0
IC00232,53,0,0.0
IC00233,103,0,0.0
IC00219,172,0,0.0
IC00168,120,0,0.0
IC00170,53,0,0.0
IC00171,147,0,0.0
IC00172,53,0,0.0
IC00174,161,0,0.0
IC00175,45,0,0.0
IC00176,73,0,0.0
IC00177,87,0,0.0
IC00178,118,0,0.0
IC00179,76,0,0.0
IC00181,61,0,0.0
IC00200,105,0,0.0
IC00183,22,0,0.0
IC00184,235,0,0.0
IC00185,52,0,0.0
IC00186,74,0,0.0
IC00187,166,0,0.0
IC00188,157,0,0.0
IC00190,52,0,0.0
IC00191,155,0,0.0
IC00192,71,0,0.0
IC00193,86,0,0.0
IC00194,60,0,0.0
IC00199,37,0,0.0
IC00182,137,0,0.0
IC00008,4196,0,0.0
IC00009,255,0,0.0
IC00010,104,0,0.0
IC00011,55,0,0.0
IC00033,149,0,0.0
IC00034,292,0,0.0
IC00035,29,0,0.0
IC00036,60,0,0.0
IC00037,73,0,0.0
IC00038,37,0,0.0
IC00039,110,0,0.0
IC00114,225,0,0.0
IC00041,213,0,0.0
IC00042,130,0,0.0
IC00043,94,0,0.0
IC00044,94,0,0.0
IC00045,47,0,0.0
IC00046,165,0,0.0
IC00047,156,0,0.0
IC00048,368,0,0.0
IC00049,45,0,0.0
IC00051,149,0,0.0
IC00052,112,0,0.0
IC00017,96,0,0.0
IC00019,4435,0,0.0
IC00021,107,0,0.0
IC00022,103,0,0.0
IC00023,91,0,0.0
IC00024,882,0,0.0
IC00025,243,0,0.0
IC00026,117,0,0.0
IC00028,297,0,0.0
IC00029,199,0,0.0
IC00030,86,0,0.0
IC00031,175,0,0.0
IC00007,519,0,0.0
IC04696,592,0,0.0
IC00072,50,0,0.0
IC06469,50,0,0.0
IC05937,38,0,0.0
IC00040,21,0,0.0
IC08560,23,0,0.0
IC00001,41,0,0.0
IC00002,3119,0,0.0
IC00003,350,0,0.0
IC00004,1149,0,0.0
IC00006,158,0,0.0
IC00032,824,0,0.0
IC00088,69,0,0.0
IC00091,50,0,0.0
IC00092,92,0,0.0
IC00093,164,0,0.0
IC00094,154,0,0.0
IC00095,53,0,0.0
IC00096,234,0,0.0
IC00097,357,0,0.0
IC00098,44,0,0.0
IC00099,96,0,0.0
IC00100,699,0,0.0
IC00053,68,0,0.0
IC00102,27,0,0.0
IC00103,24,0,0.0
IC00104,85,0,0.0
IC00105,116,0,0.0
IC00106,81,0,0.0
IC00107,48,0,0.0
IC00108,137,0,0.0
IC00109,148,0,0.0
IC00110,46,0,0.0
IC00111,90,0,0.0
IC00113,92,0,0.0
IC00101,64,0,0.0
IC00054,245,0,0.0
IC00056,38,0,0.0
IC00057,347,0,0.0
IC00058,285,0,0.0
IC00060,180,0,0.0
IC00062,48,0,0.0
IC00065,29,0,0.0
IC00068,145,0,0.0
IC00069,402,0,0.0
IC00070,234,0,0.0
IC00071,47,0,0.0
IC00087,103,0,0.0
IC00075,314,0,0.0
IC00076,56,0,0.0
IC00077,45,0,0.0
IC00078,103,0,0.0
IC00079,42,0,0.0
IC00080,206,0,0.0
IC00081,119,0,0.0
IC00082,121,0,0.0
IC00083,84,0,0.0
IC00084,118,0,0.0
IC00085,163,0,0.0
IC00086,189,0,0.0
IC00014,6069,0,0.0
IC00451,37,0,0.0
IC00452,21,0,0.0
IC00454,64,0,0.0
IC00455,90,0,0.0
IC00456,41,0,0.0
IC00458,152,0,0.0
IC00459,40,0,0.0
IC00461,116,0,0.0
IC00463,32,0,0.0
IC00464,40,0,0.0
IC00465,44,0,0.0
IC00234,35,0,0.0
IC00467,31,0,0.0
IC00468,36,0,0.0
IC00469,31,0,0.0
IC00470,48,0,0.0
IC00471,33,0,0.0
IC00474,34,0,0.0
IC00475,36,0,0.0
IC00476,46,0,0.0
IC00481,34,0,0.0
IC00483,38,0,0.0
IC00484,56,0,0.0
IC00466,54,0,0.0
IC00386,52,0,0.0
IC00388,43,0,0.0
IC00390,20,0,0.0
IC00396,47,0,0.0
IC00401,36,0,0.0
IC00402,39,0,0.0
IC00403,26,0,0.0
IC00405,20,0,0.0
IC00406,29,0,0.0
IC00407,50,0,0.0
IC00408,83,0,0.0
IC00450,24,0,0.0
IC00416,21,0,0.0
IC00421,20,0,0.0
IC00427,46,0,0.0
IC00428,41,0,0.0
IC00430,59,0,0.0
IC00432,33,0,0.0
IC00434,36,0,0.0
IC00436,57,0,0.0
IC00438,23,0,0.0
IC00446,23,0,0.0
IC00449,34,0,0.0
IC00411,71,0,0.0
IC00564,195,0,0.0
IC00565,26,0,0.0
IC00566,41,0,0.0
IC00568,44,0,0.0
IC00569,72,0,0.0
IC00570,43,0,0.0
IC00571,29,0,0.0
IC00572,31,0,0.0
IC00573,47,0,0.0
IC00579,30,0,0.0
IC00585,38,0,0.0
IC00486,39,0,0.0
IC00603,53,0,0.0
IC00605,59,0,0.0
IC00606,74,0,0.0
IC00018,114,0,0.0
IC00611,52,0,0.0
IC00612,50,0,0.0
IC00613,74,0,0.0
IC00615,20,0,0.0
IC00623,21,0,0.0
IC00630,58,0,0.0
IC00632,75,0,0.0
IC00599,36,0,0.0
IC00487,25,0,0.0
IC00488,21,0,0.0
IC00489,62,0,0.0
IC00491,64,0,0.0
IC00492,34,0,0.0
IC00495,35,0,0.0
IC00496,103,0,0.0
IC00498,35,0,0.0
IC00500,26,0,0.0
IC00501,21,0,0.0
IC00505,38,0,0.0
IC00563,34,0,0.0
IC00511,902,0,0.0
IC00522,22,0,0.0
IC00523,38,0,0.0
IC00527,48,0,0.0
IC00528,73,0,0.0
IC00530,43,0,0.0
IC00547,27,0,0.0
IC00548,41,0,0.0
IC00556,24,0,0.0
IC00557,24,0,0.0
IC00558,23,0,0.0
IC00559,69,0,0.0
IC00506,64,0,0.0
IC00266,299,0,0.0
IC00267,35,0,0.0
IC00270,91,0,0.0
IC00271,54,0,0.0
IC00273,44,0,0.0
IC00274,56,0,0.0
IC00275,26,0,0.0
IC00276,40,0,0.0
IC00277,114,0,0.0
IC00278,51,0,0.0
IC00280,40,0,0.0
IC00385,45,0,0.0
IC00282,68,0,0.0
IC00283,73,0,0.0
IC00284,139,0,0.0
IC00286,230,0,0.0
IC00287,92,0,0.0
IC00288,55,0,0.0
IC00289,71,0,0.0
IC00291,57,0,0.0
IC00293,78,0,0.0
IC00294,114,0,0.0
IC00296,89,0,0.0
IC00281,38,0,0.0
IC00235,24,0,0.0
IC00236,93,0,0.0
IC00237,23,0,0.0
IC00238,20,0,0.0
IC00239,27,0,0.0
IC00240,45,0,0.0
IC00241,49,0,0.0
IC00242,63,0,0.0
IC00243,106,0,0.0
IC00245,79,0,0.0
IC00247,45,0,0.0
IC00265,75,0,0.0
IC00249,83,0,0.0
IC00250,21,0,0.0
IC00252,95,0,0.0
IC00253,71,0,0.0
IC00255,79,0,0.0
IC00256,156,0,0.0
IC00257,58,0,0.0
IC00258,82,0,0.0
IC00261,39,0,0.0
IC00262,262,0,0.0
IC00264,36,0,0.0
IC00248,23,0,0.0
IC00340,219,0,0.0
IC00348,47,0,0.0
IC00350,103,0,0.0
IC00351,47,0,0.0
IC00352,26,0,0.0
IC00356,29,0,0.0
IC00360,34,0,0.0
IC00361,55,0,0.0
IC00362,52,0,0.0
IC00363,78,0,0.0
IC00364,374,0,0.0
IC00300,109,0,0.0
IC00366,74,0,0.0
IC00367,935,0,0.0
IC00371,21,0,0.0
IC00373,63,0,0.0
IC00377,31,0,0.0
IC00378,24,0,0.0
IC00379,150,0,0.0
IC00380,143,0,0.0
IC00381,50,0,0.0
IC00382,32,0,0.0
IC00383,33,0,0.0
IC00365,50,0,0.0
IC00302,161,0,0.0
IC00306,65,0,0.0
IC00307,70,0,0.0
IC00308,42,0,0.0
IC00309,31,0,0.0
IC00310,209,0,0.0
IC00311,38,0,0.0
IC00312,77,0,0.0
IC00313,28,0,0.0
IC00314,140,0,0.0
IC00316,61,0,0.0
IC00339,213,0,0.0
IC00319,25,0,0.0
IC00320,56,0,0.0
IC00322,27,0,0.0
IC00323,159,0,0.0
IC00324,927,0,0.0
IC00325,1600,0,0.0
IC00326,28,0,0.0
IC00327,47,0,0.0
IC00328,57,0,0.0
IC00329,37,0,0.0
IC00330,46,0,0.0
IC00334,20,0,0.0
IC00317,114,0,0.0
